# Ra=1000000.0, Pr=1, Ta=100000.0, Theta=0.785398163, resX=50, resZ=50, Lx=5, Lz=1, duration=2.0, average_interval=1.7, timestep=1e-05, timestep_analysis=0.001, resY=50, Ly=5, mesh=[5, 5]
-1.297794756098892321e+02,-1.298001014815865517e+02,-1.299093703376246367e+02,-1.302395249571444538e+02,-1.309768042486028605e+02,-1.323341546826581236e+02,-1.344981318958521967e+02,-1.375405084636192328e+02,-1.413084555172621890e+02,-1.453333637248856007e+02,-1.488837201603029428e+02,-1.511703587673605682e+02,-1.515480379006424982e+02,-1.494743289524490137e+02,-1.443045898127523969e+02,-1.352903331469775878e+02,-1.225157592896118217e+02,-1.072185965827470824e+02,-9.068220342839197201e+01,-7.361227198786706083e+01,-5.644549191362719398e+01,-3.971689353374341636e+01,-2.524430593197293149e+01,-1.552611836224111386e+01,-9.655502929200679318e+00,-2.052266001394571049e+00,1.144146080312072655e+01,2.865978369065846465e+01,4.177933296137708652e+01,4.660776574140868433e+01,4.777068760759214427e+01,5.093329771137251072e+01,5.787017401788049398e+01,6.661225807088493411e+01,7.419590598013522253e+01,7.935595490129583141e+01,8.281641575582406745e+01,8.599514234872455631e+01,8.976570610913536541e+01,9.408594477341912921e+01,9.840096145889995682e+01,1.021532188446867622e+02,1.050765589055546343e+02,1.071771507330024917e+02,1.085909597785829703e+02,1.094738828837552091e+02,1.099690513010926765e+02,1.102030012928421883e+02,1.102854786372049034e+02,1.103025908829436759e+02
-2.371161723600634730e+02,-2.371009845999065533e+02,-2.369839263871706976e+02,-2.366376107154267743e+02,-2.359402884080293745e+02,-2.348216329664008413e+02,-2.332438739878560341e+02,-2.312005652358814132e+02,-2.286738440487663979e+02,-2.256518147872405393e+02,-2.220424930832305677e+02,-2.176043039686948646e+02,-2.119279342966875106e+02,-2.046100019713945244e+02,-1.953232515268356906e+02,-1.834959740849478180e+02,-1.678662130219576909e+02,-1.479123361723638652e+02,-1.257487567281419132e+02,-1.040926855336557395e+02,-8.279694350304444583e+01,-5.997497246391507986e+01,-3.616759965448643754e+01,-1.494420103644520381e+01,-3.047029190844341429e-02,9.167029572756348443e+00,1.953977478577862570e+01,3.929176198670115383e+01,6.643761619458466328e+01,8.935068012149218930e+01,9.946175826254273034e+01,9.912673947805052421e+01,9.687530918204495833e+01,9.761419319277621298e+01,1.004318567164281433e+02,1.026305731849142546e+02,1.031607972295321787e+02,1.027571074644344549e+02,1.024921204847718883e+02,1.028067154615868617e+02,1.037038591280212358e+02,1.049885229040054924e+02,1.063874985018748021e+02,1.076207221370051599e+02,1.085450053639921464e+02,1.091334268851357052e+02,1.094536492543088286e+02,1.095934572918743584e+02,1.096401512525121831e+02,1.096492864119608157e+02
-2.131784685521687948e+02,-2.131864410187958754e+02,-2.132205861552424722e+02,-2.132972218906082276e+02,-2.134068852835640371e+02,-2.134907906325336455e+02,-2.134442935109006498e+02,-2.131108573326926603e+02,-2.122735494968669059e+02,-2.106114020121059696e+02,-2.077633399669971936e+02,-2.034799725345580441e+02,-1.977737367852082002e+02,-1.908575370991657394e+02,-1.829492374562088344e+02,-1.738976933234371245e+02,-1.628424957248695080e+02,-1.477186648418436050e+02,-1.268078346649351857e+02,-1.022252580609760031e+02,-7.712053166003954630e+01,-5.003833931856274120e+01,-2.245082977976998961e+01,-5.304712335463335648e+00,-3.224380045679232865e+00,-6.024336188722713814e+00,-6.312118887575337567e-01,2.100886321769048948e+01,5.702504039223606469e+01,9.530079161740042082e+01,1.226303004170971036e+02,1.350826690620628483e+02,1.385724690892090791e+02,1.397171986288593644e+02,1.410683602895636568e+02,1.419447091608453775e+02,1.406153297788964096e+02,1.367831278494733453e+02,1.319759340930609710e+02,1.275822850405279212e+02,1.239581475180695946e+02,1.210031253871353556e+02,1.186719044427776879e+02,1.169816607958630925e+02,1.158857732621498258e+02,1.152611515701958069e+02,1.149558427246461463e+02,1.148373497918146597e+02,1.148067780421658313e+02,1.148052111035414811e+02
-2.623852105872206266e+02,-2.623754029441092257e+02,-2.623423265894793417e+02,-2.622457413951127592e+02,-2.620153577588844200e+02,-2.615259133601080066e+02,-2.606001674414973195e+02,-2.589601810697052429e+02,-2.562122500906232290e+02,-2.517410574160370800e+02,-2.445965147250621499e+02,-2.333891080635949891e+02,-2.167778076858094209e+02,-1.947184515521288404e+02,-1.700608733765679688e+02,-1.482958102711010611e+02,-1.335963312808181058e+02,-1.243234863084432504e+02,-1.133229043613656586e+02,-9.517183706733956683e+01,-7.197889161336090069e+01,-4.429200797568110914e+01,-9.949103487874722873e+00,1.886572433297935447e+01,2.831286168953673865e+01,2.391257538411099404e+01,2.045734970834065791e+01,3.096021060369388067e+01,5.885899744089939389e+01,9.256357793880104623e+01,1.202004029045243954e+02,1.375607345874148564e+02,1.448015673855604746e+02,1.455390010787297683e+02,1.436795203298720196e+02,1.408127506962726443e+02,1.365940225955266101e+02,1.309210233484367620e+02,1.246555318577978397e+02,1.188736454460179459e+02,1.141713255163460587e+02,1.107197557547419819e+02,1.083466687813283329e+02,1.067864224943047873e+02,1.057863514044134803e+02,1.051823522107627582e+02,1.048456151832400138e+02,1.046872291741397447e+02,1.046287996911566296e+02,1.046159552718544035e+02
-3.001441909343063230e+02,-3.001159403843550990e+02,-3.000157988279702295e+02,-2.997565947495203886e+02,-2.992249398735477826e+02,-2.982855129731868828e+02,-2.968058440724767593e+02,-2.946103591678071325e+02,-2.913821241443551457e+02,-2.864004639784173492e+02,-2.782539763484066953e+02,-2.646349647148936128e+02,-2.425814103360842751e+02,-2.096925870435239005e+02,-1.666573871303096723e+02,-1.204553921016512135e+02,-8.339317854656191287e+01,-6.314203584323437468e+01,-5.424960675983886915e+01,-4.349707498586417387e+01,-2.410939608565553982e+01,-1.772724083117225291e-01,2.356462763943600436e+01,4.017418502293156024e+01,4.619218814975202747e+01,4.791950356578438175e+01,5.116997646740831840e+01,6.067070799958693783e+01,8.042606991386185200e+01,1.048832798181642119e+02,1.244576140307225671e+02,1.360977865922872638e+02,1.405240677690710811e+02,1.396570457196148141e+02,1.358521788207404200e+02,1.310703156424823703e+02,1.263605144809978071e+02,1.220269930324788135e+02,1.179628367050448645e+02,1.141606812866906608e+02,1.106476827027073853e+02,1.075218887387957096e+02,1.049181820194682473e+02,1.029739470087273219e+02,1.016817805125078991e+02,1.009310727008929405e+02,1.005479029567435418e+02,1.003793399343872750e+02,1.003129378764727448e+02,1.002913075007759005e+02
-3.259577563886737153e+02,-3.259041791938356027e+02,-3.256240304218129609e+02,-3.248167189982059995e+02,-3.231226396887616943e+02,-3.201945677684998373e+02,-3.157590270370092185e+02,-3.096512144154290809e+02,-3.017605528603631342e+02,-2.918089382077124583e+02,-2.787869539550343347e+02,-2.602612137383787854e+02,-2.326898259728325229e+02,-1.940630097505492131e+02,-1.474281667119225006e+02,-1.009671689893429942e+02,-6.253842852078522441e+01,-3.499796951438246140e+01,-1.515765930962045260e+01,3.716130132027245736e+00,2.997660809360308320e+01,6.482047883361681784e+01,9.259548728696947251e+01,9.747336318959381174e+01,8.783649026878460120e+01,8.067796794532364402e+01,8.086349462271211053e+01,8.866416771403081043e+01,1.040577718243055756e+02,1.229365181129342659e+02,1.365043280679199711e+02,1.395833937775208540e+02,1.350693457907038066e+02,1.282872999229407469e+02,1.223026060696748090e+02,1.181322577952843886e+02,1.155683894946355963e+02,1.139723209893390390e+02,1.128314552340541468e+02,1.120023041661876135e+02,1.115688044866904107e+02,1.115763787016026498e+02,1.118284058269804575e+02,1.120680005082539878e+02,1.121548632548205831e+02,1.120995118448549022e+02,1.119804857324218830e+02,1.118740193618650380e+02,1.118141597965199026e+02,1.117933317245937133e+02
-3.378745886156822849e+02,-3.378007154810975408e+02,-3.372910874926188285e+02,-3.356509692958502455e+02,-3.319278452971310571e+02,-3.250919209475400748e+02,-3.143627716467019582e+02,-2.996912180346309356e+02,-2.820407571225049423e+02,-2.628769126957504341e+02,-2.427360177475888463e+02,-2.200274646322575336e+02,-1.913527963779966967e+02,-1.545626641839873798e+02,-1.129853848581626465e+02,-7.378320876436488618e+01,-4.025886322963889796e+01,-9.291846099391307234e+00,2.274595721986732144e+01,5.429219143330402630e+01,8.011351855381766995e+01,9.744985639833770108e+01,1.051543074393350423e+02,1.043080459179173261e+02,1.013757227854107441e+02,1.015493848227407341e+02,1.055650859169880391e+02,1.137201663917439589e+02,1.273420664283716235e+02,1.467712038779225452e+02,1.671994978186901335e+02,1.794301157852341078e+02,1.792030028135590385e+02,1.712261453532624955e+02,1.622841015196991350e+02,1.557485534309628861e+02,1.519031096633626134e+02,1.499376325024443020e+02,1.490918874547965061e+02,1.487603613624063428e+02,1.484223998112421725e+02,1.478092439285507282e+02,1.469946629675822862e+02,1.461806929299085027e+02,1.455124234361435356e+02,1.450372870797298503e+02,1.447490000112867392e+02,1.446077293215089981e+02,1.445612891546247170e+02,1.445551530075175037e+02
-3.448718230046425788e+02,-3.447495163688583375e+02,-3.439422908118141891e+02,-3.413653284099546568e+02,-3.355442990594029880e+02,-3.248952357236405533e+02,-3.082496698614696697e+02,-2.855745715375218197e+02,-2.586516859800406110e+02,-2.307449587170181644e+02,-2.042777724042155683e+02,-1.781846870607968469e+02,-1.491849050534924004e+02,-1.160341694830369335e+02,-8.164096025991180738e+01,-4.917956761198870197e+01,-1.839432970091869990e+01,1.176617552496485430e+01,4.065172684503670553e+01,6.619449939838612806e+01,8.586045634296571905e+01,9.788221355145111602e+01,1.043287001365449953e+02,1.095462146282650622e+02,1.158616655192026030e+02,1.235064977723823887e+02,1.322239364752996948e+02,1.419569167126848015e+02,1.537071660627154301e+02,1.686864909540160227e+02,1.865426597512713442e+02,2.040165555057754432e+02,2.160940445198971531e+02,2.208556995535550413e+02,2.208418358818245224e+02,2.198132145632408765e+02,2.197231281323960843e+02,2.201131215916671522e+02,2.194758621928599780e+02,2.166676507748679228e+02,2.114407449775277996e+02,2.044052818291556832e+02,1.966764478739106039e+02,1.894966781501941568e+02,1.837886938196007236e+02,1.799102689413417693e+02,1.776895533847992397e+02,1.766718933070103787e+02,1.763429303495742602e+02,1.762915127051397519e+02
-3.298844257400111246e+02,-3.297339091963572741e+02,-3.287228405447529553e+02,-3.254876149328478618e+02,-3.181915985721745983e+02,-3.049335400462004486e+02,-2.844072483830336751e+02,-2.567009871746551539e+02,-2.239591110763563222e+02,-1.903815480441344050e+02,-1.603826058995135782e+02,-1.348462729211735507e+02,-1.101144279967107309e+02,-8.277128235480847707e+01,-5.332505392705787983e+01,-2.462414963667890788e+01,1.190411899521169659e+00,2.324759654249378471e+01,4.205326832890687427e+01,5.926976780159193936e+01,7.554946679801089715e+01,9.134450907907685746e+01,1.076333494635786110e+02,1.239865648782796654e+02,1.392935304873443840e+02,1.540057122089239101e+02,1.688680992663103666e+02,1.834781882822862542e+02,1.976448535477015298e+02,2.118811233913215517e+02,2.262686935467931448e+02,2.407888715035244900e+02,2.558535714313339611e+02,2.710905955867494299e+02,2.849824376827631340e+02,2.965534729125610625e+02,3.054438927465977258e+02,3.094545074232046318e+02,3.043884626724325244e+02,2.863032330508720520e+02,2.534043556756456042e+02,2.080826401161482693e+02,1.572739369303377543e+02,1.095756078315585853e+02,7.154654213087817993e+01,4.578110901029027957e+01,3.120341983080707848e+01,2.464838095995760625e+01,2.258913832946876710e+01,2.228241103282724112e+01
-3.130111436999405896e+02,-3.128826536532586715e+02,-3.120519667667792874e+02,-3.094034026128316555e+02,-3.033787628938230228e+02,-2.922203872696737221e+02,-2.743999222870422727e+02,-2.492718307164590499e+02,-2.178637597312431922e+02,-1.833370710639205754e+02,-1.497721776554686244e+02,-1.188279007500247246e+02,-8.773442634199936663e+01,-5.405855483008879503e+01,-2.135605840514691423e+01,5.601126635350041738e+00,2.753277355228640744e+01,4.754744443665573783e+01,6.654953462275386755e+01,8.486590833125465849e+01,1.038824524426543121e+02,1.225363988543433038e+02,1.398255844581832434e+02,1.571917946855899402e+02,1.748519927474266638e+02,1.923485267367963161e+02,2.097942315583441939e+02,2.269990309483519013e+02,2.443841929203258303e+02,2.620649231234774561e+02,2.786352618620925909e+02,2.932326296326814941e+02,3.060419949787051337e+02,3.170824666921477046e+02,3.249390422571723320e+02,3.275174942559558531e+02,3.233313044596737882e+02,3.106430002562081540e+02,2.863797255333534508e+02,2.496742398589213394e+02,2.040563889014023005e+02,1.556091366117261146e+02,1.105879583292030475e+02,7.343394057281702203e+01,4.601839684724822632e+01,2.811818123364795952e+01,1.812908996125185013e+01,1.365783132626112462e+01,1.225232544467073126e+01,1.203841623963830187e+01
-2.813513675323560506e+02,-2.813007860583404067e+02,-2.809432454198056917e+02,-2.797829364982400193e+02,-2.771221718376850163e+02,-2.721367946449523743e+02,-2.639799543781407465e+02,-2.519782988441215252e+02,-2.359728245093924386e+02,-2.166153366701203424e+02,-1.948764596849027271e+02,-1.700536959368433827e+02,-1.374629277995448717e+02,-9.048808013249103510e+01,-3.031091531036643971e+01,2.784755016647517323e+01,6.692915524594204157e+01,8.528798716015772641e+01,9.566246368743884432e+01,1.094863737076773305e+02,1.294292021095252494e+02,1.534009753631115984e+02,1.768638578069908363e+02,1.973056036379581428e+02,2.155795526698954632e+02,2.328756365201466565e+02,2.495149565280926538e+02,2.648438162860388161e+02,2.793475227464882664e+02,2.929355967782231005e+02,3.031874411833720728e+02,3.087968597253789085e+02,3.098868368580681363e+02,3.057510399469442746e+02,2.949586997618813484e+02,2.768560026620622239e+02,2.529160640115103433e+02,2.256222564656321765e+02,1.962281631010308729e+02,1.657435955330221873e+02,1.371167824920457861e+02,1.146026678125769109e+02,1.016780456012624683e+02,9.882249590190872368e+01,1.027427164570121079e+02,1.085844260617426897e+02,1.130541153895967454e+02,1.153436550399069631e+02,1.161022320607204108e+02,1.162184943832829163e+02
-2.689356161245020758e+02,-2.689296205880283992e+02,-2.689234887807141945e+02,-2.689320783824383625e+02,-2.689816329491117131e+02,-2.690523092873038422e+02,-2.689739929285694870e+02,-2.682416054433743966e+02,-2.659662314948091080e+02,-2.610365593515930982e+02,-2.524728253052514617e+02,-2.394192963274827832e+02,-2.200979264835976892e+02,-1.895590790342417620e+02,-1.399110539647220719e+02,-6.855157061875321745e+01,1.182578179512577776e+01,7.936952838591875548e+01,1.224260785604511881e+02,1.472360994036317265e+02,1.665396504892367489e+02,1.857720959729036281e+02,2.041719403029110254e+02,2.201489924115435883e+02,2.335047020305586614e+02,2.446867392816188556e+02,2.534897531995118527e+02,2.598775494749614268e+02,2.642321796995007617e+02,2.666568449984031872e+02,2.657726117267792461e+02,2.602940746887459227e+02,2.505060745113902954e+02,2.363713577075243393e+02,2.172292069731602737e+02,1.939640553599286648e+02,1.696660831838491106e+02,1.483175219830533251e+02,1.325614487457248458e+02,1.227256303352824318e+02,1.176948501925453741e+02,1.165011392436683622e+02,1.190036142082724524e+02,1.252499420058996265e+02,1.339090957655200782e+02,1.422067033671404204e+02,1.479390523026680455e+02,1.507876003654537556e+02,1.517146947750682955e+02,1.518504913230424620e+02
-3.122728392735365901e+02,-3.122717560065480029e+02,-3.122569246129299927e+02,-3.121859362511224845e+02,-3.119323405848698485e+02,-3.112144683158463749e+02,-3.094889173182123159e+02,-3.059420058523538728e+02,-2.995954754892346159e+02,-2.896870658824948350e+02,-2.761748159640509925e+02,-2.598844519779691495e+02,-2.415048804185580593e+02,-2.204259540124052137e+02,-1.941207271384114392e+02,-1.573894651201314332e+02,-1.039741941516293338e+02,-3.446303733642118061e+01,3.951570365640998261e+01,1.034414673420006068e+02,1.521373915557276462e+02,1.866816426546633636e+02,2.083888184750256869e+02,2.208394835235479263e+02,2.254416686203961717e+02,2.234258700649630498e+02,2.175327567328129135e+02,2.096691576978008982e+02,2.011132566672768007e+02,1.931026928517936199e+02,1.853616222975753658e+02,1.764796176388260847e+02,1.666852719394884161e+02,1.566738116420700351e+02,1.460479622195940692e+02,1.351736872877656879e+02,1.259665416601176560e+02,1.203775170697101089e+02,1.195353043891417713e+02,1.236388166060481240e+02,1.321332689131990321e+02,1.439945457614061866e+02,1.586599575405318774e+02,1.759658137028803822e+02,1.942475671723707364e+02,2.099250289986066207e+02,2.202659743861904929e+02,2.253018327713795657e+02,2.269352238348145647e+02,2.271794484742619034e+02
-3.595725175022996041e+02,-3.594978202551885715e+02,-3.589677709869494606e+02,-3.572558087796028872e+02,-3.533972233317340965e+02,-3.464014777521725250e+02,-3.355623903462033013e+02,-3.207280635531942039e+02,-3.025458290497787175e+02,-2.826920962125367396e+02,-2.635728206523525614e+02,-2.467271693022709371e+02,-2.309388508491039715e+02,-2.120294797876988753e+02,-1.853909403730106646e+02,-1.499776136093873902e+02,-1.090442862504855981e+02,-6.573337352874624173e+01,-2.032791490267810275e+01,2.742383075862604613e+01,7.465948776455033453e+01,1.174547933955964254e+02,1.538126564449332250e+02,1.819912866722098954e+02,1.953412480021324598e+02,1.885563395114348282e+02,1.676546500921673726e+02,1.429640042308747070e+02,1.218707257899008312e+02,1.082929154838129762e+02,1.035633485243426151e+02,1.057680727962290348e+02,1.112388948263127446e+02,1.169556396549630222e+02,1.212023455290943730e+02,1.238053240967685440e+02,1.263303532316669191e+02,1.310253670298799875e+02,1.385944723887421901e+02,1.482463655495081412e+02,1.600809405201077311e+02,1.762805165992933496e+02,1.989357649126593799e+02,2.269245562500526034e+02,2.553158858065478398e+02,2.782485888184088481e+02,2.927187758169730500e+02,2.996060697163020450e+02,3.018240973263668820e+02,3.021600673223951503e+02
-3.494482803699386295e+02,-3.492780964931114340e+02,-3.481444935208110678e+02,-3.445478398930688400e+02,-3.366621558550859845e+02,-3.231992962590932166e+02,-3.044313997942253991e+02,-2.824572563871660122e+02,-2.601995855969028071e+02,-2.400387457000489064e+02,-2.231408060103459263e+02,-2.092307455800071807e+02,-1.963753977644121278e+02,-1.815482621762307360e+02,-1.614557823656799656e+02,-1.326480113952432021e+02,-9.261888816123126844e+01,-4.364804333286768667e+01,5.351163326501392703e+00,4.380009794950471758e+01,6.989510535028964000e+01,9.151531132555859926e+01,1.202539412270354262e+02,1.590175203596313054e+02,1.841460353740156108e+02,1.732140304738115333e+02,1.371611327976217751e+02,9.844586852264114896e+01,7.109920135974375910e+01,6.017536976351801314e+01,6.377958158799889077e+01,7.706363340575788357e+01,9.460340454767809604e+01,1.115823177079207227e+02,1.249837566819882966e+02,1.348515206520110326e+02,1.441141558163136267e+02,1.550967688934418618e+02,1.662417101189849973e+02,1.762069345755641621e+02,1.871855002496879479e+02,2.018591043664945914e+02,2.203011350895649514e+02,2.398377689445662213e+02,2.568974686604003637e+02,2.691501768198386344e+02,2.763201321783252524e+02,2.795987362827169704e+02,2.806334641699388612e+02,2.807849729709778899e+02
-3.217431027654063200e+02,-3.215769843294851853e+02,-3.203873140259771617e+02,-3.165833336190187310e+02,-3.083211525620358771e+02,-2.944293411681184693e+02,-2.751712762372154657e+02,-2.519005124464722201e+02,-2.262371698001185507e+02,-1.999655432811922537e+02,-1.749225632542756728e+02,-1.523077688676648052e+02,-1.321889160853176577e+02,-1.136037881765230395e+02,-9.549026370150610887e+01,-7.727082061130244028e+01,-5.647193733825926643e+01,-2.672730908772788894e+01,1.583165925728022216e+01,6.387172173607633852e+01,1.046888366453656829e+02,1.335818407642171337e+02,1.524423256257300920e+02,1.610749325993190837e+02,1.521457728038685389e+02,1.242558872812657853e+02,8.987392742556798453e+01,6.250816477386848646e+01,4.863304205316127593e+01,4.905971526049457765e+01,6.200832734166654348e+01,8.294945441231746486e+01,1.057389207278081500e+02,1.251601643032131648e+02,1.390607950006483975e+02,1.496563847919640011e+02,1.612725323561170114e+02,1.740866330387986807e+02,1.867106296044704550e+02,1.993276673108465502e+02,2.091807990413198013e+02,2.104646128827926645e+02,2.016463400081877353e+02,1.875326490415089893e+02,1.740110205204764497e+02,1.642449704713100118e+02,1.586179714178227869e+02,1.560914582931957284e+02,1.553130638618803800e+02,1.552085323748405017e+02
-2.624432213229264903e+02,-2.622933292331640587e+02,-2.612971284539822818e+02,-2.581691571264445315e+02,-2.514717447632148719e+02,-2.405114087985649007e+02,-2.260623884284831604e+02,-2.096047156494733485e+02,-1.913054290017632866e+02,-1.696602877915015881e+02,-1.437935350922521707e+02,-1.154178122298662856e+02,-8.778818545221751890e+01,-6.306382579693072898e+01,-4.092053601269577712e+01,-1.863213366367992307e+01,7.738538268383152285e+00,4.040870757298263527e+01,7.722995187176532284e+01,1.115956101138936987e+02,1.362911592792426632e+02,1.465313326956931803e+02,1.400987785390537113e+02,1.195735332476963606e+02,9.256766130281577887e+01,6.667975532341810663e+01,4.589399488143705241e+01,3.309403646208416916e+01,3.118470817530023709e+01,3.986250293180636106e+01,5.632965620102069693e+01,7.843226882174320735e+01,1.033474604256989693e+02,1.267557072922809027e+02,1.451030889582188479e+02,1.580033735973892135e+02,1.680736749438861750e+02,1.764203834192140903e+02,1.822337501682392542e+02,1.853085118856493523e+02,1.847765716048950821e+02,1.788165710876456274e+02,1.672370080249399393e+02,1.528847311437209271e+02,1.397079239947372002e+02,1.301886457749912154e+02,1.246636651926375094e+02,1.221559935069605274e+02,1.213642222104802784e+02,1.212446659193392549e+02
-2.181959295667511753e+02,-2.180500781981230887e+02,-2.170778009142902647e+02,-2.140158212368145882e+02,-2.073597517648514099e+02,-1.960954775081054322e+02,-1.805220447952770542e+02,-1.623340897766106821e+02,-1.433229541655263404e+02,-1.236620752931682716e+02,-1.017126898231966550e+02,-7.607251308093830744e+01,-4.772565948481434361e+01,-1.936688734603308859e+01,7.744758938969368955e+00,3.491600148867969011e+01,6.361512800358890729e+01,9.312752982589233852e+01,1.183503988582527597e+02,1.299888706759213903e+02,1.240444590160653604e+02,1.048465855059537972e+02,7.986620500785365095e+01,5.666069783201740506e+01,3.833371687642711834e+01,2.433376653564039316e+01,1.418972365522353840e+01,8.838522126636590315e+00,9.856166487202855819e+00,1.915811491339387729e+01,3.688014513204878142e+01,6.016820846068185347e+01,8.575521067759228799e+01,1.112223193730470143e+02,1.342435323218075496e+02,1.528742955653224840e+02,1.667068939599087685e+02,1.767610150118649130e+02,1.836265076973261898e+02,1.869177029921704047e+02,1.864848242753179193e+02,1.828126606073835205e+02,1.769041221275504654e+02,1.703476296660554397e+02,1.648267570964850393e+02,1.611462359301416996e+02,1.591430899782774588e+02,1.582634328988746972e+02,1.579873339312516975e+02,1.579445558227524771e+02
-1.530480148857401730e+02,-1.529680848132764766e+02,-1.524396555150566144e+02,-1.507563566711626493e+02,-1.470172691749244223e+02,-1.404483979922338790e+02,-1.307095880867065603e+02,-1.177832314348444385e+02,-1.015694698314435982e+02,-8.210512871863605255e+01,-6.020777653743446933e+01,-3.713799493966253351e+01,-1.390251754979579246e+01,8.552881641966365578e+00,3.029833904019351465e+01,5.287445288684062206e+01,7.580034082645561000e+01,9.458142971360003060e+01,1.045439595872296650e+02,1.047012285658862822e+02,9.789157085628494315e+01,8.623392526854442508e+01,6.984981239805847508e+01,5.043273430710958394e+01,3.167645415015017818e+01,1.628410788066211268e+01,4.883533649487020512e+00,-1.828139282789638997e+00,-3.207365623143610733e+00,1.476351641074869825e+00,1.374298120582512439e+01,3.431488980667800348e+01,6.086868989584055356e+01,8.987031090286546942e+01,1.185291370679288292e+02,1.446089707656632299e+02,1.665849022219882443e+02,1.837963819971692487e+02,1.965546457242877523e+02,2.054757318229740690e+02,2.109312157995792063e+02,2.134366255427227372e+02,2.140699443238519564e+02,2.140938607674989953e+02,2.142478039642443264e+02,2.145827210853828433e+02,2.148866677512914976e+02,2.150503865754922117e+02,2.151024046460089778e+02,2.151081372611876645e+02
-1.080359357667088887e+02,-1.079594964235237029e+02,-1.074599064602795693e+02,-1.058958594167095413e+02,-1.024678717692374050e+02,-9.650908471613955442e+01,-8.789089149577617377e+01,-7.732589293468069513e+01,-6.599420539334542468e+01,-5.438494105823336611e+01,-4.148488882330491379e+01,-2.611937566803444355e+01,-9.333067210282699477e+00,5.988747351426916055e+00,1.773299782805874258e+01,2.628675970769147696e+01,3.345564819470418882e+01,3.991420544707834495e+01,4.534393375509588964e+01,5.035649385662382826e+01,5.626304555992420120e+01,6.275120708587139973e+01,6.822797721575298624e+01,7.070868089765409081e+01,6.796094025768601909e+01,5.878454157001306868e+01,4.415040187609932332e+01,2.739867081478602273e+01,1.338039438399630043e+01,6.185452653732806283e+00,7.611398478973594450e+00,1.839228524196942161e+01,3.790666696001445501e+01,6.372271802130767071e+01,9.293916760851155345e+01,1.232754392898063429e+02,1.530835769690098687e+02,1.811129107681276764e+02,2.059692914809765512e+02,2.262265482569647475e+02,2.410265105145220446e+02,2.506326298995950879e+02,2.565519707377762870e+02,2.606093515039445947e+02,2.638127478102615555e+02,2.662398366643691361e+02,2.677567453203316745e+02,2.684745322375759429e+02,2.687021929807398806e+02,2.687339836829343085e+02
-5.667394927671409732e+01,-5.662973844329070516e+01,-5.632878528072542679e+01,-5.533809232974699910e+01,-5.299405531943460801e+01,-4.841425434317480381e+01,-4.061223712357198679e+01,-2.896893458956130019e+01,-1.431237395835546522e+01,1.812742321861264827e-01,1.031618230834628491e+01,1.422983851054761573e+01,1.362034650760661947e+01,1.182717382971222264e+01,1.078764863744889979e+01,9.818937291638668796e+00,7.607361464855749489e+00,3.789001909934853529e+00,-9.647492002037836301e-01,-4.991658883616935327e+00,-6.118457693591913937e+00,-3.001738268078355532e+00,4.786508440257620123e+00,1.703209196175598805e+01,3.252581901827000621e+01,4.877980077266884962e+01,6.172208182414238564e+01,6.730051161612779254e+01,6.457404330278500026e+01,5.680160072067901922e+01,4.969880457927784079e+01,4.845386430346729867e+01,5.563293805108795453e+01,7.092020500647868175e+01,9.201879616292012543e+01,1.164517297278826078e+02,1.424401746571701608e+02,1.687402527996023309e+02,1.943004883255235029e+02,2.179288388267068513e+02,2.384096504966102259e+02,2.549546910565705389e+02,2.675564786849621441e+02,2.767907737028035626e+02,2.832714226997678679e+02,2.874483047366401252e+02,2.897799391668361295e+02,2.908270833298442426e+02,2.911562938513195604e+02,2.912049743814223461e+02
-2.962087582325752066e+01,-2.958385043718394058e+01,-2.932440988627341483e+01,-2.849665519264294744e+01,-2.662974694629735950e+01,-2.314557204808488677e+01,-1.732504313565090115e+01,-8.225306826951282346e+00,5.177508171149440841e+00,2.289341605625646991e+01,4.182110787405302688e+01,5.538283789644120247e+01,5.757717831060813296e+01,4.836170873352227773e+01,3.390387914215668985e+01,2.046186949563497137e+01,9.254121709413574592e+00,-1.088834738177268946e+00,-1.023755784956161108e+01,-1.665481378251676858e+01,-1.985013210850299004e+01,-2.006276185008560731e+01,-1.714567630146692778e+01,-1.088219340942887925e+01,-1.488051427245601133e+00,1.127351205657871702e+01,2.766360872664633774e+01,4.593506905786657768e+01,6.236689776992852785e+01,7.362039605664858755e+01,7.904572581756377758e+01,8.117488151732075607e+01,8.419820542672749752e+01,9.137532896451446618e+01,1.036707618135018123e+02,1.200650182830561477e+02,1.388505767223032024e+02,1.585713248486071620e+02,1.783259251868217916e+02,1.976225610666442662e+02,2.160763835630482959e+02,2.331555668367706744e+02,2.481169531870308447e+02,2.602003443118036330e+02,2.689912643239823069e+02,2.746288052116038898e+02,2.777220399763704108e+02,2.790935429546728983e+02,2.795240544131465299e+02,2.795898977299030435e+02
-2.833988895352252513e+00,-2.817179418400368007e+00,-2.718003702445454195e+00,-2.408458303416821877e+00,-1.690506910775699367e+00,-2.588956692739330379e-01,2.375997699302580202e+00,6.988189871120429331e+00,1.469399404557180944e+01,2.682490460733606241e+01,4.418198194358199515e+01,6.507858877502596329e+01,8.361528419619840236e+01,9.185967681522133432e+01,8.581392222166681449e+01,6.813460634514385106e+01,4.390212165835318814e+01,1.686786364819842277e+01,-8.781759735613775320e+00,-2.774090783353285872e+01,-3.734853157589277828e+01,-3.945847202057721859e+01,-3.676411028071655096e+01,-2.971951955311273252e+01,-1.811696436049234649e+01,-3.705911695902855740e+00,1.097459226150535017e+01,2.522065183914315867e+01,3.977106895893324179e+01,5.452768275243624885e+01,6.819393829998402623e+01,7.933780616654190965e+01,8.756291350154093323e+01,9.417175814089210917e+01,1.010285477285757736e+02,1.095544977234631006e+02,1.204044992148966742e+02,1.334269655741815086e+02,1.478788488862153940e+02,1.628769418967339675e+02,1.775633899598408050e+02,1.910876972254083057e+02,2.026901689908349908e+02,2.118726295401293100e+02,2.184899765847392814e+02,2.227508374548648362e+02,2.251237404258071138e+02,2.261961254945091468e+02,2.265360002663754528e+02,2.265853367429676268e+02
2.088683441048077327e+01,2.088657201758468318e+01,2.089946593034939326e+01,2.095512715671176807e+01,2.110730925065460895e+01,2.142150130777019967e+01,2.201184687241618576e+01,2.316201509892549382e+01,2.561114462342436582e+01,3.061301372718310176e+01,3.938671677938538096e+01,5.200367139155019913e+01,6.648773268216918098e+01,7.870818079260745037e+01,8.386544341665808133e+01,7.894798830266850587e+01,6.423633366204721540e+01,4.297564428833567263e+01,2.009487215169998109e+01,4.601589028617354415e-01,-1.354870277066703466e+01,-2.275389814562232971e+01,-2.859324122479566199e+01,-3.047144235719906646e+01,-2.740150246170564685e+01,-1.952804709414816386e+01,-8.355206340735264803e+00,3.900404016295595966e+00,1.578575095597616240e+01,2.692390216108822898e+01,3.732665862467629836e+01,4.727714138654140186e+01,5.666150100099923748e+01,6.514973963908218479e+01,7.271174302217322349e+01,7.949904225172267047e+01,8.603107410592497217e+01,9.271529574869870771e+01,9.946102785090876353e+01,1.059331913933453677e+02,1.118223229568671542e+02,1.168957302262429323e+02,1.210327580397108420e+02,1.241933072636351625e+02,1.264354601584807938e+02,1.278764934440734180e+02,1.286888182016972166e+02,1.290616610845572154e+02,1.291841631381252569e+02,1.292037711374184710e+02
2.965860407841064728e+01,2.966445934471205703e+01,2.971365359043920762e+01,2.986215633975571393e+01,3.015164559948055967e+01,3.056815747705491049e+01,3.101982984881834682e+01,3.137559148062825898e+01,3.162812455790945876e+01,3.217233315151845829e+01,3.387682484434796493e+01,3.743212495721633104e+01,4.235841264179665444e+01,4.701303005790026646e+01,4.955905442303566844e+01,4.907123626325056165e+01,4.568608066266745737e+01,4.016293465147839470e+01,3.353870096204241236e+01,2.677375576582346639e+01,1.983743565721636060e+01,1.132097048988714505e+01,2.007696091496541158e+00,-2.983552370387243968e+00,-3.146167138916666772e-01,7.538936624638679973e+00,1.651671947573207433e+01,2.500427306750706435e+01,3.290154825109878800e+01,3.979055666101363187e+01,4.504920766881432570e+01,4.814429952259630596e+01,4.890158382481592270e+01,4.776695534162450230e+01,4.553858388124555745e+01,4.270291168856604713e+01,3.922181634136601502e+01,3.496178445315066341e+01,3.016219675522621912e+01,2.528756405181928812e+01,2.069872191053553934e+01,1.656696953314301624e+01,1.297586946662611496e+01,9.990125059367578331e+00,7.667769263960437343e+00,6.026410305118815813e+00,5.020821382705179303e+00,4.526249523242988460e+00,4.359831634329381700e+00,4.335484636536932612e+00
5.333904693760857185e+01,5.331905899985012809e+01,5.318797208476541982e+01,5.277141692744916668e+01,5.181525751476020503e+01,4.998153507224515124e+01,4.687899407918764894e+01,4.225279292274449006e+01,3.637779426749273171e+01,3.033884899164257831e+01,2.565864893175069028e+01,2.331297676413905151e+01,2.280670171331819063e+01,2.223553618865408055e+01,1.979232803377526295e+01,1.545119552702265509e+01,1.133255890674104904e+01,1.046994062541635628e+01,1.493875933158030733e+01,2.421031038346687225e+01,3.409808079125083680e+01,3.751899136893850795e+01,3.076185947464703929e+01,2.002654121607343285e+01,1.530429366115312462e+01,2.029448226467555116e+01,3.176428755946798788e+01,4.442664803929376660e+01,5.442946725819354725e+01,5.979501161816949661e+01,6.017843808382085058e+01,5.641850901710319022e+01,4.977960813754663150e+01,4.133830340550287019e+01,3.164128332012402467e+01,2.082341315869388865e+01,9.161748392903461990e+00,-2.662511105253088317e+00,-1.396013185667425205e+01,-2.435258364089921201e+01,-3.364934950220284549e+01,-4.166944724696941194e+01,-4.823327750726690510e+01,-5.324969072566793216e+01,-5.677494028102918833e+01,-5.900939539424439317e+01,-6.024512493782864908e+01,-6.080326506731714886e+01,-6.098112165878812618e+01,-6.100757826914102111e+01
5.793014631253120683e+01,5.790725235629534495e+01,5.773428254726408682e+01,5.714493325086360187e+01,5.572368162377910039e+01,5.293311994835831058e+01,4.820222214262750526e+01,4.116000159223995070e+01,3.206496449625177547e+01,2.232769867906633010e+01,1.443131901901884362e+01,1.054706528308776114e+01,1.063711150911829861e+01,1.220045719790667249e+01,1.219995252680097053e+01,9.431082756424451929e+00,5.249888253868448373e+00,2.346753550795632748e+00,3.051404189010316514e+00,9.270062677217890013e+00,2.225378270157500538e+01,3.898610494054835129e+01,5.188900963148999779e+01,5.596029832162357565e+01,5.406249687292638839e+01,5.260203852354185727e+01,5.487597905120910013e+01,5.932516047379894530e+01,6.202670654098877634e+01,6.010538971017965082e+01,5.348841535131818148e+01,4.353275676003627837e+01,3.191758885475979923e+01,2.034745946187024401e+01,9.551130837974845633e+00,-4.869664721732647195e-01,-9.999790812734858036e+00,-1.917823003551282568e+01,-2.808045453931081425e+01,-3.654638127263756076e+01,-4.423107226824103577e+01,-5.076199300133317394e+01,-5.592894447226886712e+01,-5.972599027764481860e+01,-6.230597657129434452e+01,-6.389739320987837345e+01,-6.475908303817551825e+01,-6.514200597277749694e+01,-6.526464838732854901e+01,-6.528455426358451064e+01
8.358111518261635808e+01,8.351942626566615502e+01,8.309149283327532487e+01,8.171999646758644076e+01,7.863104477940029824e+01,7.300893491579616068e+01,6.427485735211533324e+01,5.253960533349103912e+01,3.908617284319100804e+01,2.639287943475763143e+01,1.722469522717334200e+01,1.323598489987742255e+01,1.409460684741475234e+01,1.759213631093475527e+01,2.065540153142492130e+01,2.100749242583176368e+01,1.871221054930241223e+01,1.580723565363742367e+01,1.413187791517766456e+01,1.443244652016710461e+01,1.735454506118512086e+01,2.348845560319015391e+01,3.219674513274748051e+01,4.172260674443044337e+01,5.003472589649475566e+01,5.575214246799238538e+01,5.879049808652039388e+01,5.932800294456477275e+01,5.738053158491720751e+01,5.211142375087892731e+01,4.357896763721487332e+01,3.360979092632967280e+01,2.413868901499287745e+01,1.653606394808130275e+01,1.072226018060901254e+01,5.673620155000165255e+00,5.656649974712308904e-01,-4.806245820697476745e+00,-1.045961739527764678e+01,-1.647616693654087783e+01,-2.276930265763893146e+01,-2.893331907455569763e+01,-3.443647256565059678e+01,-3.885230185290269844e+01,-4.200805757825429509e+01,-4.398990189251234284e+01,-4.505866595186944323e+01,-4.552770799204069618e+01,-4.567565851480217987e+01,-4.569946752225257569e+01
8.834610711299524155e+01,8.828649838013633655e+01,8.786249914738948519e+01,8.645603806336670516e+01,8.316906703598385775e+01,7.699673377806574592e+01,6.722370662654945761e+01,5.403307728027650114e+01,3.903427576358005524e+01,2.521850718017952886e+01,1.595403750525717612e+01,1.336929310092912715e+01,1.720139434626575792e+01,2.497984955382379724e+01,3.323760016159997122e+01,3.901178013391474764e+01,4.075703016980826732e+01,3.850671287865250747e+01,3.356078467747292393e+01,2.772404931831535180e+01,2.258774448346308361e+01,1.901191498406518576e+01,1.703046089398257834e+01,1.598166414597177720e+01,1.596008303947051843e+01,1.712798708088806166e+01,1.881384636997627169e+01,2.058957920020988297e+01,2.233916796640291835e+01,2.349633031074206357e+01,2.304248054597325535e+01,2.074424441967577337e+01,1.786339744212686753e+01,1.586316230116396042e+01,1.470127664521706556e+01,1.354418730419375194e+01,1.186023594065085973e+01,9.393472789406153822e+00,5.882362108473742524e+00,1.133941269744319413e+00,-4.669273148389557093e+00,-1.086174260077476816e+01,-1.661598150800188733e+01,-2.131092284167512219e+01,-2.469504310961735882e+01,-2.683758981115569497e+01,-2.800269627536640371e+01,-2.851746566511027936e+01,-2.868029774151374056e+01,-2.870625345081013791e+01
1.531891769988131387e+02,1.530688986788363195e+02,1.522647528427118573e+02,1.497131579507505137e+02,1.440250332887614775e+02,1.338339978051345724e+02,1.183910795254485322e+02,9.827529698403748171e+01,7.579265421721564167e+01,5.440329449880510992e+01,3.730212969263021705e+01,2.626398247010702391e+01,2.160981810868578634e+01,2.260268073555852197e+01,2.772644966749740547e+01,3.485837997702677171e+01,4.195690273676401461e+01,4.758361327960176368e+01,5.101456013854283356e+01,5.183357389008909877e+01,4.959605026216726742e+01,4.411182655827826693e+01,3.609657518661917663e+01,2.714913819698656994e+01,1.831875867915531586e+01,1.026450064043240218e+01,3.542325422646719346e+00,-1.458303763336807890e+00,-4.756470663496902063e+00,-6.423895804867509440e+00,-6.415955214598271894e+00,-4.889427314542823311e+00,-2.070942341710800161e+00,2.047793446372480730e+00,6.991675390569032089e+00,1.153590342534740643e+01,1.479082206880059758e+01,1.648167388078764617e+01,1.658059829942900620e+01,1.521275865990354959e+01,1.274149683029880364e+01,9.712569398920003039e+00,6.720178964488795259e+00,4.218471566189734290e+00,2.428203146023985681e+00,1.329456603964658257e+00,7.616735247581125634e-01,5.246261336654676199e-01,4.546642720571121288e-01,4.445008914283583579e-01
1.678940895385331942e+02,1.678180313161582262e+02,1.673169244439969816e+02,1.656981319203043199e+02,1.619934544916853838e+02,1.551736430777943099e+02,1.445608530462060060e+02,1.303300919834483125e+02,1.137997396809769555e+02,9.717899206510776366e+01,8.276317324610413095e+01,7.201283498529403460e+01,6.518941978779866986e+01,6.179984059483861358e+01,6.131564502263485394e+01,6.333371672498522997e+01,6.694737329916068802e+01,7.081063707083777103e+01,7.382540668100051562e+01,7.531200466816616768e+01,7.543938192253145303e+01,7.516775724610138809e+01,7.403333297552531178e+01,7.002404899515920533e+01,6.219683845229298669e+01,5.169438089278396831e+01,4.001115151076718490e+01,2.825075817217829410e+01,1.733122206006028421e+01,7.913593460245593292e+00,5.397486296409752526e-01,-4.375272078921710772e+00,-6.491841187573562877e+00,-5.587624394012081552e+00,-1.642767648101148836e+00,4.481968394616799856e+00,1.118049413883625220e+01,1.689394564909490271e+01,2.062349945474383617e+01,2.199686424716435340e+01,2.119866309015330330e+01,1.883597703671262025e+01,1.575170370384903151e+01,1.274644289078148063e+01,1.035177410196294545e+01,8.752557336463951287e+00,7.866298080446455288e+00,7.478132969283706188e+00,7.361666432947657768e+00,7.347026764880297378e+00
2.113771033003803836e+02,2.113012448763385294e+02,2.108161911549570959e+02,2.093764372663692370e+02,2.064049523712708663e+02,2.014632934631140984e+02,1.943701217661880207e+02,1.852849603359666162e+02,1.747422991826714451e+02,1.635977115075574488e+02,1.528393433200836853e+02,1.434010331531681857e+02,1.359969193915158030e+02,1.309416971066402198e+02,1.280513398300556105e+02,1.269664919007094568e+02,1.274117796638181233e+02,1.292128817455171941e+02,1.322395866935380582e+02,1.354440277100759999e+02,1.369349729611474800e+02,1.354633003339922652e+02,1.307712047245915699e+02,1.232175832226142518e+02,1.130599920464890147e+02,1.002282394849036677e+02,8.502056775028250968e+01,6.837386287685768593e+01,5.188086993807075942e+01,3.732859063629404517e+01,2.582950406503670138e+01,1.721611475658060897e+01,1.055468347343094848e+01,5.288907282518543695e+00,1.708573731780361982e+00,5.319561208178100742e-01,2.087083969532983474e+00,5.808777628321081465e+00,1.046177212814342283e+01,1.472982627698347358e+01,1.771742942165975876e+01,1.918059592140700431e+01,1.943259718791198054e+01,1.903946765511773265e+01,1.849972258964520222e+01,1.808385272678026467e+01,1.785096305947976703e+01,1.775402035883297458e+01,1.772658578815656938e+01,1.772310077566027076e+01
1.208435672358710988e+01,1.209574876263527798e+01,1.217781371891035391e+01,1.244841953703142678e+01,1.309145661331615784e+01,1.436789400670256356e+01,1.662073710495170786e+01,2.024289578988179628e+01,2.562391609752184607e+01,3.312358791274604641e+01,4.311768719653040449e+01,5.596082732750030431e+01,7.175233212072735967e+01,8.998141320274844190e+01,1.093645259217413184e+02,1.282412057072569951e+02,1.450791408500648174e+02,1.584652935827286910e+02,1.681304020116085098e+02,1.754953023529470215e+02,1.819389810942611234e+02,1.873841355171593364e+02,1.895996854446460986e+02,1.862572783022577596e+02,1.771436047908042042e+02,1.633479399999271209e+02,1.462597897939406266e+02,1.271353915594692694e+02,1.072883998993228971e+02,8.885645849646462580e+01,7.379496485269596917e+01,6.211217676278910460e+01,5.193386575474433187e+01,4.104622008142747092e+01,2.882721103792406581e+01,1.666651960416276523e+01,6.766337355410747989e+00,7.530573825108177743e-01,-1.027591838811773073e+00,6.332002487323507012e-01,4.383653226427128402e+00,8.851836609586115401e+00,1.301276807966097238e+01,1.631450763626359901e+01,1.861410510386470207e+01,2.002516645983722299e+01,2.077480150554082172e+01,2.110094580113559459e+01,2.120276492379755950e+01,2.121841579241225872e+01
-1.940199641214438770e+02,-1.939834790085630232e+02,-1.937420890256117900e+02,-1.929859263071876967e+02,-1.913011951750200410e+02,-1.882097424114496107e+02,-1.831993292221437173e+02,-1.757548667037358427e+02,-1.653877765846096679e+02,-1.517213567134615460e+02,-1.346084557708314833e+02,-1.141175871227628988e+02,-9.020251606864452754e+01,-6.230782681410020984e+01,-2.941599701777465015e+01,9.314140573098903531e+00,5.377918978784208548e+01,1.013150817556457639e+02,1.457553793653867160e+02,1.795348932561429365e+02,1.983136444793847772e+02,2.041448206330356356e+02,2.024570216850142685e+02,1.971370765774170195e+02,1.892835502937583101e+02,1.788471491017979247e+02,1.657786612968772602e+02,1.506061053325831836e+02,1.347212615400789844e+02,1.193783960443289516e+02,1.049996921284822236e+02,9.135661211199909815e+01,7.782894986384934555e+01,6.389531819049580719e+01,4.967880087618270579e+01,3.617499474340705490e+01,2.490203931190093201e+01,1.715252296564595014e+01,1.359718588216148305e+01,1.437066817884016956e+01,1.887400988708149896e+01,2.563094010619777663e+01,3.286976226530362766e+01,3.923449262005736671e+01,4.405128444555538891e+01,4.721955916361888939e+01,4.899798355236598013e+01,4.980249255557350097e+01,5.005820952781086675e+01,5.009642974313665320e+01
-2.426476836961516597e+02,-2.426313725447905085e+02,-2.425193883767384477e+02,-2.421538796395080908e+02,-2.413023837858972342e+02,-2.396662770411018641e+02,-2.368966279279670175e+02,-2.326171077327739454e+02,-2.264233871412587860e+02,-2.177456451832883886e+02,-2.055517469359744211e+02,-1.884287625844016816e+02,-1.658145112289017504e+02,-1.395293527757989693e+02,-1.129073230155065914e+02,-8.713193909618661337e+01,-5.885638618821554502e+01,-2.230167403802157722e+01,2.560592815770806752e+01,8.087594113945115737e+01,1.325636188667270972e+02,1.690987333217209425e+02,1.860106605897332770e+02,1.869195991983039562e+02,1.785417369061845250e+02,1.660438958426317413e+02,1.520000313451441798e+02,1.379905870618076733e+02,1.254130647257032223e+02,1.148390200435638349e+02,1.056801409098752913e+02,9.701191744266597539e+01,8.863499942358299677e+01,8.134641106849136349e+01,7.625596551963630532e+01,7.369598923596744555e+01,7.288631548970303697e+01,7.244763066502383708e+01,7.141615975371853153e+01,7.041015520144961215e+01,7.106345859665175624e+01,7.397703644831366887e+01,7.820979507931818375e+01,8.240549218236915863e+01,8.569449209841941695e+01,8.783827231722256101e+01,8.900462419833499439e+01,8.951292006993284645e+01,8.966924970173015197e+01,8.969234435365885361e+01
-2.624580651903127091e+02,-2.624192243207031083e+02,-2.621567930051137409e+02,-2.613237719382009345e+02,-2.594626943421660030e+02,-2.561047633271851396e+02,-2.509090513648365004e+02,-2.437739192933908612e+02,-2.348135922510869023e+02,-2.242450493184332458e+02,-2.121701381426844364e+02,-1.979400102875711411e+02,-1.795753842844715678e+02,-1.552348755471555251e+02,-1.264975289083989054e+02,-9.878088703836706941e+01,-7.678033686319392359e+01,-6.022061100119805133e+01,-4.449109306159829913e+01,-2.432255944901148226e+01,2.592938599874113237e+00,3.345994401587920919e+01,6.164436501578298078e+01,8.149748477358994592e+01,9.159832488037199028e+01,9.439440817430792663e+01,9.393150072020141295e+01,9.319366557621479785e+01,9.311363818658662694e+01,9.362711217247428408e+01,9.485822927211407318e+01,9.700564976734929701e+01,1.002633279829415756e+02,1.053110523685124065e+02,1.131253547005972280e+02,1.239250517851860707e+02,1.360798830151255174e+02,1.460961233901645642e+02,1.503876681039411380e+02,1.481521494075310557e+02,1.420997415981692882e+02,1.357697587363405773e+02,1.310867389238380269e+02,1.282813972208004998e+02,1.268425845915340346e+02,1.261955966665032065e+02,1.259408254493825154e+02,1.258559103593443353e+02,1.258349968035438593e+02,1.258325893672383415e+02
-2.467417187352599797e+02,-2.466892687916998455e+02,-2.463239853427352557e+02,-2.451489315610957362e+02,-2.425110449104590202e+02,-2.377789839418093152e+02,-2.306217440265109815e+02,-2.212271437746463221e+02,-2.101567657610662536e+02,-1.977595425460453384e+02,-1.839409835855858262e+02,-1.690644205322261087e+02,-1.545506701175188482e+02,-1.411733411846521165e+02,-1.273831747397881173e+02,-1.110192410356857238e+02,-9.224757690039116653e+01,-7.351173137010525238e+01,-5.759642974929336390e+01,-4.630142075444314287e+01,-3.940496556603768852e+01,-3.419702173488433772e+01,-2.797418051933578909e+01,-2.023076021243281986e+01,-1.167653279216115436e+01,-2.933674067145666697e+00,5.837293653492789502e+00,1.527500469152425566e+01,2.639792443174038539e+01,3.925517538304113430e+01,5.263562698807854190e+01,6.515106545766121826e+01,7.673503072258671409e+01,8.860797920087547652e+01,1.020377868721584491e+02,1.170768930748904779e+02,1.321625829274025534e+02,1.448481911708135215e+02,1.532719456373347100e+02,1.572110685086959734e+02,1.579249127627691678e+02,1.571106359767535139e+02,1.560363673771343542e+02,1.552822096349295293e+02,1.549159707178295093e+02,1.547981013257529526e+02,1.547855098547724424e+02,1.547985337478873475e+02,1.548083783943412186e+02,1.548119976856284836e+02
-2.434497623827710413e+02,-2.433789059170860014e+02,-2.428896653899559510e+02,-2.413365126901983331e+02,-2.379110273742170705e+02,-2.319105546442478953e+02,-2.231330587198990258e+02,-2.122174191010902007e+02,-2.005444591461287587e+02,-1.893523622472625334e+02,-1.784324863837326234e+02,-1.658764265632676995e+02,-1.500384593987545827e+02,-1.317726506142598453e+02,-1.138248749911895459e+02,-9.829539661268299255e+01,-8.580000759626632600e+01,-7.620486527605278582e+01,-6.873602277789295556e+01,-6.232073435589717292e+01,-5.667712525978939198e+01,-5.223496348179124737e+01,-4.945866858932524224e+01,-4.861513291767244738e+01,-4.969337938353383066e+01,-5.113822322112933705e+01,-5.045571467792616005e+01,-4.594165672607202566e+01,-3.637459079364386128e+01,-2.100502398908527368e+01,-9.448638318874991171e-01,2.097781128877999635e+01,4.212040655924840848e+01,6.075950379283199254e+01,7.630071834396662211e+01,8.899307491353228272e+01,9.922571062456034952e+01,1.071854566229541490e+02,1.131186208882562454e+02,1.174527489188049714e+02,1.207338940190600596e+02,1.233996278178309467e+02,1.256353687327030286e+02,1.274396146460396295e+02,1.287784951646221714e+02,1.296682568339538193e+02,1.301806414641177412e+02,1.304216086457645076e+02,1.305032186060174695e+02,1.305180266152844410e+02
-2.279034763978959859e+02,-2.278495597999717575e+02,-2.274665504798888378e+02,-2.262201273849399854e+02,-2.233807280669359443e+02,-2.182052717921495741e+02,-2.102645247983130616e+02,-1.998882357153787837e+02,-1.884606295498374493e+02,-1.781746379828791476e+02,-1.709449333095477641e+02,-1.669639350598613419e+02,-1.639847528032291279e+02,-1.583162655914425727e+02,-1.469715697472059901e+02,-1.294444750041277246e+02,-1.082553185305086743e+02,-8.820216831505584310e+01,-7.374134847351686517e+01,-6.553898742147963219e+01,-6.097700434366258548e+01,-5.784259602588667804e+01,-5.540150380801331664e+01,-5.275115697784151791e+01,-4.905612792095817554e+01,-4.637903782282151610e+01,-4.714888692535699022e+01,-4.828108148847304903e+01,-4.576184513131416765e+01,-3.865233318676853003e+01,-2.760276666253719924e+01,-1.387884378393411033e+01,1.681538747349362595e+00,1.800527206916164147e+01,3.328874850814646891e+01,4.581431879064929547e+01,5.473963344345661852e+01,6.003633231977735107e+01,6.226045922351380568e+01,6.221584645637052091e+01,6.073210381480867426e+01,5.853300180813527476e+01,5.622368349047246028e+01,5.421290498002493052e+01,5.269925157216621869e+01,5.170298019817032298e+01,5.114371089483275057e+01,5.089129439883777195e+01,5.081377060918013910e+01,5.080419999910567697e+01
-2.220956501697224894e+02,-2.220544252061225166e+02,-2.217662582246508123e+02,-2.208359380095019162e+02,-2.187201037284777669e+02,-2.148276392645338433e+02,-2.087026816181166566e+02,-2.003011044145218875e+02,-1.902635360479837630e+02,-1.800540965740239585e+02,-1.716820312809434768e+02,-1.668913838283978635e+02,-1.661747073782343591e+02,-1.682461914699660781e+02,-1.702990901660581073e+02,-1.690846522451336966e+02,-1.622917091080575460e+02,-1.498984716645087190e+02,-1.346739972972197847e+02,-1.204494221070243896e+02,-1.093317455036448393e+02,-1.013702074164195892e+02,-9.606851429671412745e+01,-9.218880255484910435e+01,-8.758146573652427946e+01,-8.128506557005246691e+01,-7.446230140425672062e+01,-6.685915757842113294e+01,-5.685202782269624322e+01,-4.388865418138045982e+01,-2.829916927405128035e+01,-1.166677850730704868e+01,3.526609128023824535e+00,1.577183119467848371e+01,2.481744562235509832e+01,3.034147923012081804e+01,3.163334360481135477e+01,2.815264410470417289e+01,2.006582480580032524e+01,8.367987940185891205e+00,-5.293680586419686307e+00,-1.906931660282176466e+01,-3.135369040873020197e+01,-4.111874328346500818e+01,-4.802883617495395185e+01,-5.234379777136631162e+01,-5.466278264781503538e+01,-5.567568654714577292e+01,-5.598782545475368977e+01,-5.603270415820196604e+01
-2.133852855802454656e+02,-2.133817827957855116e+02,-2.133483880016471517e+02,-2.132130114737107078e+02,-2.128319497548168329e+02,-2.119772937911318138e+02,-2.103669292168410152e+02,-2.077641982104437375e+02,-2.041439928580538492e+02,-1.998408272883733900e+02,-1.955980104303673102e+02,-1.924151805511394286e+02,-1.911231777725777476e+02,-1.918694699662916321e+02,-1.938881490413195365e+02,-1.956878185708619640e+02,-1.956559353478623677e+02,-1.926202539772170894e+02,-1.862575990227072680e+02,-1.774002055426452671e+02,-1.678124906706758566e+02,-1.590202702478476056e+02,-1.520632461088267746e+02,-1.477947733976764653e+02,-1.466450499034471022e+02,-1.484682268908694027e+02,-1.511128812829229275e+02,-1.508685967869806177e+02,-1.453593191796246913e+02,-1.336713909530611204e+02,-1.149587958367031320e+02,-8.929562040067570194e+01,-5.947891263774513959e+01,-3.031449025691222232e+01,-5.639716996306532337e+00,1.278317213332300639e+01,2.430830065198550471e+01,2.874856530033433444e+01,2.643017764505695766e+01,1.826330277236043287e+01,5.666589449635225151e+00,-9.432616873666603396e+00,-2.474818635115494203e+01,-3.818587916661780213e+01,-4.842877289890295600e+01,-5.516063070376459621e+01,-5.888978242457832124e+01,-6.054086090573938606e+01,-6.105309638558296115e+01,-6.112796270098346696e+01
-1.879894437649109022e+02,-1.880069025970178984e+02,-1.881213204940549417e+02,-1.884504466920452330e+02,-1.890899490415708897e+02,-1.900650707215378645e+02,-1.913123944418609881e+02,-1.926952181970211768e+02,-1.940476298581733658e+02,-1.952571027750725534e+02,-1.963223125710838133e+02,-1.973156025461552474e+02,-1.983272606168876564e+02,-1.995073932042435843e+02,-2.010779079624051349e+02,-2.030494538938843334e+02,-2.046767299413661760e+02,-2.045669356620153678e+02,-2.017009317523618961e+02,-1.960628104423324771e+02,-1.882854853127155366e+02,-1.796735008291190638e+02,-1.724304400452186314e+02,-1.693450404219286156e+02,-1.719551314198622265e+02,-1.788816978643576192e+02,-1.860420424727160196e+02,-1.886230865805273140e+02,-1.840730532926026513e+02,-1.718977627267545927e+02,-1.522296902211508893e+02,-1.266466272568891611e+02,-9.812205292315053384e+01,-6.934029289061702173e+01,-4.195964873905910508e+01,-1.687283675127176252e+01,5.171548177733114926e+00,2.318602724469396037e+01,3.613024002554496406e+01,4.331194966653426803e+01,4.462183516607683487e+01,4.057635385304824638e+01,3.244388792460735260e+01,2.237744966958054249e+01,1.289905473684292048e+01,5.815796292209455487e+00,1.596659567840305272e+00,-3.426121711107441570e-01,-9.558911924064830146e-01,-1.047768465132833171e+00
-1.668944579960447641e+02,-1.668750851936346180e+02,-1.667434243065209785e+02,-1.663349328160568348e+02,-1.654467381328396129e+02,-1.638844539846791122e+02,-1.615183039432470764e+02,-1.583709503153769731e+02,-1.547016075401206194e+02,-1.510415341817932813e+02,-1.481405184289671411e+02,-1.468460730409034625e+02,-1.478103526110117514e+02,-1.511554414428281916e+02,-1.563546425200370322e+02,-1.624775378128962871e+02,-1.686527916764100041e+02,-1.740966795280537553e+02,-1.776698752145572371e+02,-1.785317501659283437e+02,-1.771545124933902287e+02,-1.751017181412001662e+02,-1.743175070379724048e+02,-1.763171405906947484e+02,-1.807832028784095542e+02,-1.842108061309636753e+02,-1.815502490666885365e+02,-1.711196484099165502e+02,-1.576528464630686130e+02,-1.453108101113467114e+02,-1.305826514135926004e+02,-1.082696209531385563e+02,-7.993749826679912474e+01,-5.229457872876824354e+01,-3.041458340613456812e+01,-1.498791370825210834e+01,-4.016259972087247831e+00,4.891415711833978719e+00,1.333233835526868916e+01,2.150065012232965955e+01,2.821178514321790232e+01,3.192604900654052358e+01,3.213698771759991502e+01,2.981425401236815276e+01,2.664399076108564657e+01,2.396010981665102690e+01,2.228364341947082039e+01,2.150017497160801838e+01,2.125252215434892378e+01,2.121623133625888613e+01
-1.741345727277741275e+02,-1.740939878159363161e+02,-1.738251044704709898e+02,-1.729794766390679683e+02,-1.711158825647542585e+02,-1.678227108201353417e+02,-1.628715356403651526e+02,-1.563193837281600622e+02,-1.484975247060678214e+02,-1.399607308727338761e+02,-1.314768090320114879e+02,-1.239776277718933386e+02,-1.184538900954679121e+02,-1.158547069931380236e+02,-1.168765720521121949e+02,-1.215246260687038244e+02,-1.286619458847155784e+02,-1.364235717357580597e+02,-1.433540622214971449e+02,-1.490686820319416483e+02,-1.539060583668616289e+02,-1.584333938499780743e+02,-1.629170766650038900e+02,-1.659640361006373439e+02,-1.640116717472103289e+02,-1.536053868418309207e+02,-1.353032169987310169e+02,-1.149303895383119283e+02,-1.017204425556469971e+02,-1.025701496190820308e+02,-1.115094919985625666e+02,-1.115001620114103105e+02,-9.273534798936428558e+01,-6.154462767016252656e+01,-3.119495154442904550e+01,-1.048688009591348447e+01,-7.923024415797286224e-01,9.325055801231201258e-01,-1.487543029276423567e+00,-5.490631333778395629e+00,-9.954140422839145685e+00,-1.443250464161832269e+01,-1.858425108615824684e+01,-2.207244276520745530e+01,-2.468237385443023868e+01,-2.639605583721949245e+01,-2.735883542509583322e+01,-2.779588092830172741e+01,-2.793564810864054948e+01,-2.795698481864928908e+01
-1.689695952899735687e+02,-1.689180958129195460e+02,-1.685543205249078369e+02,-1.673966555592927534e+02,-1.648589927624963991e+02,-1.604868443851550239e+02,-1.542565780352720992e+02,-1.467458179930033850e+02,-1.389562861945190662e+02,-1.318819472395038872e+02,-1.261924411079154140e+02,-1.222375641116085916e+02,-1.201348957419358925e+02,-1.197863176481285024e+02,-1.209008613839495752e+02,-1.232680627830927733e+02,-1.270940094523091375e+02,-1.324779725668796004e+02,-1.387460740427211761e+02,-1.451394351012788775e+02,-1.510860286919787256e+02,-1.551311633641779224e+02,-1.547551940430513753e+02,-1.473167395114762712e+02,-1.309017652344545866e+02,-1.062363705328818497e+02,-8.022996870947432058e+01,-6.408850096965937837e+01,-6.285714347444299221e+01,-7.084445550105738221e+01,-8.171527671994401487e+01,-8.980864730789468808e+01,-8.830327739993533953e+01,-7.693535997948042393e+01,-6.185239112763042613e+01,-4.925872806056954545e+01,-4.205235373607937532e+01,-4.009823731119586654e+01,-4.177990302016797841e+01,-4.539516480995196446e+01,-4.976363585066144424e+01,-5.419074385604550059e+01,-5.821282739478564849e+01,-6.152477269051071573e+01,-6.398822909072498533e+01,-6.562632020418627121e+01,-6.656907900854841387e+01,-6.700789088004768246e+01,-6.714846402780277401e+01,-6.716742748208302771e+01
-1.625471807669435975e+02,-1.625504104014956965e+02,-1.625426880520922452e+02,-1.624704724591293257e+02,-1.622158242345674353e+02,-1.616408269417465817e+02,-1.606679279785857943e+02,-1.593234868934678445e+02,-1.576377983156064317e+02,-1.556087912104660518e+02,-1.532887213147880914e+02,-1.508884698677453287e+02,-1.487322362153605013e+02,-1.472304748809240778e+02,-1.467630581770104357e+02,-1.474130514691348708e+02,-1.487625950300266311e+02,-1.503897762915819101e+02,-1.519088679860811055e+02,-1.522013297687464046e+02,-1.497075028076802425e+02,-1.423406344759578133e+02,-1.276192518445371036e+02,-1.039915400603199913e+02,-7.272024109649234447e+01,-3.926923607814202200e+01,-1.365289332361043506e+01,-6.186084420769262238e+00,-1.464116101612284737e+01,-2.417604998902225333e+01,-2.931522116234647868e+01,-3.427095681983809783e+01,-3.872259405396449949e+01,-4.030573061182717254e+01,-3.924785231107432537e+01,-3.721742391481858192e+01,-3.563643584818108678e+01,-3.526095683152325932e+01,-3.612213882845485102e+01,-3.777972442616434989e+01,-3.963827356503708188e+01,-4.127984164087156671e+01,-4.253594183587824773e+01,-4.343236110370781944e+01,-4.403987397444711860e+01,-4.443174239950018034e+01,-4.465636080505559846e+01,-4.476214362201032060e+01,-4.479400207966438074e+01,-4.479659315968962119e+01
-1.029735264176305947e+02,-1.030013942691283120e+02,-1.031720093932681692e+02,-1.036720480425477859e+02,-1.046988625243137108e+02,-1.064097877651215072e+02,-1.089201970024232367e+02,-1.123398851232096831e+02,-1.167657902164322081e+02,-1.220908328891578947e+02,-1.277796850531522779e+02,-1.329719574938459346e+02,-1.369254786506463972e+02,-1.393207567933707480e+02,-1.402574812004687885e+02,-1.401069977472683092e+02,-1.393915547583119974e+02,-1.378902923259835802e+02,-1.337173450516598336e+02,-1.244599929965442726e+02,-1.088926044435595770e+02,-8.639535406962434649e+01,-5.673621524534799931e+01,-2.194579289863154514e+01,1.257625301856531053e+01,3.878559948724314665e+01,4.905386067339985345e+01,4.306996045080556001e+01,3.016978108965297878e+01,1.936517722796685348e+01,1.285680630037283478e+01,9.847671088995944899e+00,8.824348979194141407e+00,8.422361900116982270e+00,8.251908557164938429e+00,8.077849300446445113e+00,7.776237475463659621e+00,7.526805115847196248e+00,7.656623963385101206e+00,8.266717235270419906e+00,9.106186830600535131e+00,9.838691516640821533e+00,1.030416133066201212e+01,1.052531140535845111e+01,1.059264159336036926e+01,1.059069073685109430e+01,1.057097637300888948e+01,1.055733121052142565e+01,1.055317037858205254e+01,1.055381293987163360e+01
-5.942656259565691812e+01,-5.935585965911539574e+01,-5.886847701231613428e+01,-5.734693540213891083e+01,-5.413919168604439847e+01,-4.904392095013484720e+01,-4.292272260653361116e+01,-3.795491376361766100e+01,-3.699317610569642056e+01,-4.212245413612953371e+01,-5.335657251223835829e+01,-6.851698592289849898e+01,-8.451204458933409569e+01,-9.886829380838671000e+01,-1.102102980613074834e+02,-1.174839665086877574e+02,-1.190081368872025251e+02,-1.123539234947303953e+02,-9.571669277102381557e+01,-6.960427186653797094e+01,-3.679828547910394576e+01,-1.032342176596785066e+00,3.375638739487420992e+01,6.348006240575180925e+01,8.331588962481291105e+01,8.903041645064588749e+01,8.098221161411080971e+01,6.541259381432088560e+01,5.006615479086045184e+01,3.931845884772620536e+01,3.321874854793125564e+01,3.083884043916595985e+01,3.172328719268826802e+01,3.468674500895659918e+01,3.827494061748576115e+01,4.140270059021165139e+01,4.391053406684937954e+01,4.600681460315659876e+01,4.778262950959630473e+01,4.929675250437635725e+01,5.064911938416473447e+01,5.192397251947652137e+01,5.311514637788081927e+01,5.415049122416997562e+01,5.496236483303773923e+01,5.552587078166675383e+01,5.586182066270654190e+01,5.602481127201489386e+01,5.608222559391968076e+01,5.609363835493883244e+01
-4.609767483806651711e+01,-4.606208406570129199e+01,-4.582949355764438337e+01,-4.510582873096615231e+01,-4.359374046353644161e+01,-4.129142934277220434e+01,-3.887868814096284353e+01,-3.780367983317925962e+01,-3.970243176555712949e+01,-4.542779308819041972e+01,-5.454696668357205169e+01,-6.560934926002052237e+01,-7.669581225764474652e+01,-8.592191797657569907e+01,-9.187172271396779877e+01,-9.384493172394002158e+01,-9.156314955134898526e+01,-8.445113178219183681e+01,-7.178255362621999325e+01,-5.331951195882732719e+01,-2.941422398365848068e+01,-1.287120340950281161e+00,2.756916560920293335e+01,5.010818271418155234e+01,5.903386978944899965e+01,5.292017696293873286e+01,3.809550687482252584e+01,2.336100124781236786e+01,1.458077297097728398e+01,1.341301826993089463e+01,1.758716095668657786e+01,2.307184518246953786e+01,2.779756678090794964e+01,3.236532979142548072e+01,3.733901480339461898e+01,4.266318307397528997e+01,4.836914915459757935e+01,5.432804712917641154e+01,6.021957335998149574e+01,6.567873492501968258e+01,7.035728630915610893e+01,7.405328087889003541e+01,7.677646400845125640e+01,7.868314961683761055e+01,7.995335164302979081e+01,8.074227720037372080e+01,8.117823688680518046e+01,8.137671515982744097e+01,8.143974434064077172e+01,8.144852975388772620e+01
-1.543891771473024477e+01,-1.547415006275267046e+01,-1.570255353956869016e+01,-1.641473586860794853e+01,-1.798245468392081392e+01,-2.077326297604459171e+01,-2.503291971083532275e+01,-3.077606825522176592e+01,-3.775862980464795982e+01,-4.553788276915356903e+01,-5.352054801906098191e+01,-6.095345976570747126e+01,-6.702680739774442031e+01,-7.110791419243798828e+01,-7.289355315148253567e+01,-7.237770905058948756e+01,-6.965210004740029603e+01,-6.480702615113131060e+01,-5.813419108845056371e+01,-5.034044140757181651e+01,-4.188023567710121853e+01,-3.290506000147779275e+01,-2.357854307389182580e+01,-1.345922320318723209e+01,-2.243639064327361154e+00,8.177062153993681193e+00,1.407912264638769884e+01,1.329082855594754875e+01,8.172153781433078024e+00,5.784703158688259350e+00,1.093406582022340956e+01,2.120610475263043426e+01,3.151683134618355453e+01,3.888669628666210087e+01,4.318412664572208115e+01,4.607526932963099853e+01,4.942360096906041633e+01,5.396123537334397469e+01,5.934601781530845699e+01,6.490841778886122881e+01,7.018877290299646177e+01,7.491708110767433482e+01,7.887129454169698306e+01,8.190457666794046077e+01,8.401451402269788105e+01,8.532640514774300300e+01,8.603374912136098374e+01,8.634478772087044263e+01,8.644233456380186453e+01,8.645755792473210022e+01
